"userNum","name","id","password","contact","address","email","birthDate","sex","signupDate","passwordHash"
1,정다호,cook6583,^6n6#HHcjkG8!G,"010-349-1666",대국 C시 성복구 다라로 77-16,bcpw@email.com,"2000-04-01",1,"2024-11-01",$2b$05$y09Bmh1KpcfUjhgiriomP.ufKB55D3E9aNICbpS2IBR81gVCzUjYK
2,임동수,ballet3292,zmo%Ipjf7h,"010-155-8141",대국 A시 중앙구 다라로 75-68,kon@email.com,"1971-03-08",0,"2024-11-02",$2b$05$1XD53iXGGxYuHfXP0ua/guA1W.KiYCUDHYQwF6JWvlzNQOj1quu1.
3,장다호,code685,hWe$lDP4VmA,"010-289-7068",대국 B시 성복구 사아로 87-04,"7qm@email.com","2001-01-20",0,"2024-11-03",$2b$05$xG6uHaqxiqBcoYN2j7GmHe5jUMnpxKpBB0QeOL7jbvRJ8eHp93KnW
4,김서휘,go3053,HSFxzN$sbi8^,"010-855-7759",대국 C시 성복구 자차로 13-76,psv@email.com,"1995-08-17",1,"2024-11-03",$2b$05$yuy/dQVmg4wTNpliK/AOMuhr7jzouy838sPfHWInNZf2bc7zEhgM6
5,김다린,dream3299,gHZ^fS3vdy2GJG,"010-596-9436",대국 C시 대덕구 사아로 02-51,akg@email.com,"1999-09-10",1,"2024-11-03",$2b$05$jslt0R1h.MxAAfMsGsXZxeEctth.uwhz47yQlXdJ6m510mkcGpe2.
6,정지주,blue118,k9U&jj48!W,"010-699-8936",대국 C시 성복구 다라로 33-71,v9@email.com,"1979-05-23",0,"2024-11-04",$2b$05$JNKgVMkrmCx8.WlDEdNZ1.euZYIzWXw41K1K2wVzBfj61W5WJR2eu
7,강현윤,best6697,^S9Y5%pQGHpCjO,"010-527-1724",대국 B시 성복구 마바로 15-44,bggr@email.com,"2008-06-15",0,"2024-11-04",$2b$05$QzpH9gfz481JDQkwHY/5.eAsbV3MdVH8xkI.yAjHwEf4c4q1zEFXC
8,김은수,code388,DkP1$#NhuL,"010-585-5748",대국 B시 대덕구 가나로 51-57,"7r93@email.com","1967-11-22",1,"2024-11-06",$2b$05$.zYfoDgt6e3UKXKI6lv0v.lvMsHfCdD.btdzcyDpWxR2Ex4S3WFWi
9,김민린,run7652,z&NXhHWjZ&&2Gf,"010-481-8347",대국 C시 강남구 가나로 69-31,wpgb@email.com,"1974-01-01",1,"2024-11-06",$2b$05$I2o..3mzh8GRjbpMtP3wYeQ9mJqps.jKSPYuxk9oE6wZ7VRCyPhkq
10,임은윤,green6271,Y3m5WO@PvZ,"010-858-1859",대국 C시 노은구 사아로 35-82,"40v@email.com","2012-06-07",1,"2024-11-07",$2b$05$CoOmUND2TqJjMWbxToMPj.q3xRK49e7Wt4bZ5sprOEIxTtq3lx1D.
11,박수린,love2759,AxhCF6WHD!,"010-691-4763",대국 B시 성복구 가나로 95-07,qaq3@email.com,"1970-09-14",0,"2024-11-08",$2b$05$PxQwwENJ3qNy5VhJpl2c5ebzUxyHO0ztP4PWeTywmYDJKyrWdpBtO
12,김수휘,cat9879,"4$Ynl*G9IgB","010-747-6875",대국 A시 강남구 사아로 23-72,g4@email.com,"2005-11-27",0,"2024-11-08",$2b$05$zQ0.Efcto1EtFKGPHhtks.qeFsOSTLnlONK9xUvH.dRGd6pN3mJFG
13,정수지,green3808,$ZKMxDG3SnU,"010-191-5648",대국 A시 강남구 마바로 89-47,"3ri@email.com","1989-08-28",0,"2024-11-09",$2b$05$YlBaqPY12cabxNOUMtJFpexLa1wCNj84y6Xxr/EKZKT918/P0bAqq
14,장수윤,cook7899,&4iD*E*R6s@,"010-182-1104",대국 B시 대덕구 다라로 09-61,"929@email.com","1979-08-06",0,"2024-11-09",$2b$05$AbBffk1Ek6OuSr1ishvfc.LTheS3NcU4SUYYnZ6Pl0dvWKgh23.Y.
15,장서수,teddy8313,RdTaBs7U8b8TqA&,"010-391-8469",대국 C시 대덕구 마바로 37-83,w9m@email.com,"1991-04-07",0,"2024-11-10",$2b$05$nvkNS0iH1AfBLyaBG8VcF.w6pz8Apg6A0BxyOF3HFM/.l9arcWbvG
16,윤민주,love9595,#dKNVMbOx#3ek,"010-526-8798",대국 C시 강남구 마바로 75-95,"8l00@email.com","1983-02-28",1,"2024-11-10",$2b$05$g9FDWF7JcSO2RRMwEFICeOR6i4rlazHqwin3/G7m/03x9mEbMFwtW
17,김수린,sky8992,"6u#dDmVQWP3mFO","010-467-5846",대국 C시 중앙구 가나로 67-86,i44t@email.com,"1983-09-03",1,"2024-11-11",$2b$05$pgxNESdorM6i32g4Z4a2SOBI/9penwE205rRQ4wxxzcaU8PITKmL2
18,이민윤,cat9603,"4mhmuUfF*1WU1s","010-919-2075",대국 C시 강남구 사아로 13-21,d5g@email.com,"1992-11-15",0,"2024-11-13",$2b$05$wZN.F9Q5EDB.EQ74/ySLe.9Txo0PfP1TPzkUHjckselDo4/oOmSai
19,이민휘,teddy9798,"1t@kE%pFyb","010-455-7883",대국 A시 성복구 자차로 51-25,lu@email.com,"1993-10-26",0,"2024-11-13",$2b$05$JgmLjTKtfGF2epxOKPe3ceETjIPePrOlA3pQMjJNiv.dLLcwZO8gK
20,조민수,ballet8234,WqTXaHjpVaW5*Dj,"010-576-1669",대국 A시 성복구 자차로 76-08,"8314@email.com","1988-01-25",1,"2024-11-13",$2b$05$tqlA67RYMzsZNXRoeX781OgwQbCZz72hBPqiCg5hgN0ved5lExswm
21,윤다주,tennis4802,"6@XT0MQ2^umVn","010-442-8424",대국 B시 강남구 다라로 63-56,dnhq@email.com,"1951-02-22",0,"2024-11-14",$2b$05$kSP4QhGknZhTo5qnBj39a.liC0Nb54NAOJbOH6hV6Nqp64MTM/6Ma
22,장민휘,green6313,q0#!b5vtIWg8j&F,"010-555-8503",대국 B시 중앙구 가나로 16-19,"7ri@email.com","2008-10-26",1,"2024-11-15",$2b$05$.R7SGSHr5wL54ia5Xfu/N.m1NH8CYES80pcyMEFMR7TLCwp8Vp1/W
23,강은휘,dream5011,j5ASTOs4be@,"010-263-1706",대국 B시 강남구 다라로 97-69,qht@email.com,"1985-05-03",0,"2024-11-15",$2b$05$iOufJ3eRymlnIGNH6B1XB.JqtWrQQ8LMNHc7wU97.Jmy71QoQeXiu
24,최하호,ballet9057,pOd3HLJBWm&WG,"010-456-7861",대국 C시 대덕구 가나로 69-28,j8@email.com,"2010-06-28",1,"2024-11-16",$2b$05$mA1BfOMPdzYZ5tjD8.g1w.PP9B3Oax5EFX4stz40ZeV9avkVeb1..
25,조민영,love6810,Zictsl7aG$c,"010-116-8860",대국 B시 노은구 마바로 92-50,l01@email.com,"1951-02-22",1,"2024-11-17",$2b$05$O5FIY3gxZz.p/xP1a01Et.sXnhltFySYqDLtH61EF50H3THL.57oy
26,윤동윤,teddy6735,zCNnMfJ1t*Vi&,"010-443-3084",대국 A시 노은구 다라로 49-38,on@email.com,"1979-07-25",1,"2024-11-18",$2b$05$YitNk0vnaZD56EenLSQrG.giUujO35FsusNmiQmHn1czkeD9FO4x6
27,최서진,love6588,wAAMUHnA#6k*Ujf,"010-888-1775",대국 C시 중앙구 가나로 95-85,caut@email.com,"1997-03-28",0,"2024-11-18",$2b$05$jwZSB86euLxZfeE9ya9J3.BvGgz9.9/Sjc0z5/e8tHkQVWJGUKoqy
28,장현현,tennis4534,CJ#WM3z!LSf1Uy,"010-957-8581",대국 A시 중앙구 자차로 92-71,"9bos@email.com","1986-08-07",0,"2024-11-19",$2b$05$HgtguzVZcwwt5A4sW0vbK.zls8O4aj7UtJ1aOV52vIRzXcgtvKG.2
29,최민윤,sky1300,mIk1pT@YhfNrF,"010-674-4354",대국 C시 대덕구 자차로 94-71,zlm@email.com,"1980-12-16",0,"2024-11-19",$2b$05$z3lhrSAeFKJsNfGbHzMeNehblZnHNYespUvN8kI1.ezAcfq8a0Cle
30,임동영,teddy7827,"1@fPMsa0aKKAo","010-296-2925",대국 B시 성복구 사아로 85-55,jdn8@email.com,"1999-09-10",0,"2024-11-20",$2b$05$F7jjM2yBJm.KUazY20E.XuzEckN.h6L.a1lfu3yiwlnkPa.N/vu.2
31,윤동호,tennis6188,"9rL&cB1^nE","010-344-9841",대국 C시 대덕구 가나로 08-11,hc@email.com,"1977-07-21",1,"2024-11-20",$2b$05$HTj9d4RY8Omk5CmvSruB1egreiukkeQsjot8n2//rXwvaoVIjsFnC
32,조지영,love2039,DS3r*MbAXH2,"010-311-3344",대국 B시 대덕구 마바로 90-76,f1@email.com,"1985-09-26",0,"2024-11-21",$2b$05$fhOW/7okB4Tf0AYUX8r9TelQWT8C21qt3yQdRtdgYqQW4MCF1wG2y
33,최동진,best9919,K0Yp%9KWREYHUSk,"010-990-4276",대국 B시 강남구 다라로 39-80,i87x@email.com,"1976-04-08",0,"2024-11-23",$2b$05$i.RMpcjvrazQcZuzSBU04Owdd66GYNnWzlFoR7bRy2KCoT.DnZAtC
34,최유진,teddy7516,$bLSWax1AZ,"010-278-1616",대국 B시 성복구 자차로 98-02,eh@email.com,"1983-09-03",1,"2024-11-24",$2b$05$WedvMRx38CwsRPEIap2TveyzJbWwPs/kVySNqTqCO1OWlUehXlXOe
35,강은진,tennis5490,*2yBPKZegt,"010-211-3699",대국 C시 강남구 사아로 74-50,"86@email.com","2005-01-22",1,"2024-11-25",$2b$05$u9lYjit.uTei7A05PKmiqOchaNjZx265mKllT5.0yFWbC85htglg2
36,윤다지,tennis5891,"53^S!NTFx5","010-141-8711",대국 B시 중앙구 사아로 60-26,t7@email.com,"2001-01-08",1,"2024-11-27",$2b$05$qNDeI9himQUyoJPZYY2dhepWLviPmDeHJCcc6cEgZgidOztheyXNy
37,이유진,ballet7247,"6nm377$*GMuegY","010-554-1351",대국 B시 중앙구 마바로 99-37,"7e4@email.com","1985-12-13",0,"2024-11-28",$2b$05$mBLyQvXhlycJWYO7zX5Hs.V3DYJTUZ7l7z4O4koYisd6tYK6xu9LK
38,이지휘,green5181,Y^Q02qq^2@nVNE1,"010-453-8412",대국 A시 노은구 마바로 26-03,"4sk@email.com","1983-10-12",0,"2024-11-28",$2b$05$5K0FpHYQJ7soLGYDeXbrVe0wIAMTsq319.0bxx/4BtdtOYDRFqgPi
39,임유휘,green4726,$Xflhe9MbB1f,"010-403-7977",대국 C시 강남구 가나로 84-39,y5a@email.com,"1957-03-21",0,"2024-11-30",$2b$05$ydlSTycmTYtd3IMh5E9WWuEM4yDqL6Ob8RT3OZB2UzvnHeYYHGwM.
40,정다휘,code3143,Mhh25z5cYM*h6,"010-478-4022",대국 A시 강남구 다라로 91-39,"24@email.com","1975-05-08",1,"2024-12-01",$2b$05$eSWTf78TG/fat3ckV6iE7eb8e74IjsdW3aU//u7dXqWvGwi9cNCNm
41,최은윤,ballet6156,#9cTh^StZONAA,"010-155-6966",대국 B시 강남구 마바로 53-45,ik3o@email.com,"1990-09-26",1,"2024-12-02",$2b$05$t7arxgiFJk6VEhig7OtCguuDavP9qOqw1AgLm8V9rhToTrWRrm8BC
42,정유현,go6528,hH8TWlf7uw%fl,"010-652-3663",대국 B시 성복구 가나로 42-64,d4f@email.com,"1989-11-07",1,"2024-12-03",$2b$05$0EQeY.jkGbEtXnzK.KnkKubXtS1RM8rw8KG95OYJVJYEZ1damZJLm
43,박동진,tennis7383,CiVMw^odmet1lzl,"010-279-3514",대국 C시 성복구 다라로 32-67,"6vv8@email.com","1996-06-01",1,"2024-12-03",$2b$05$gam8uv9WnZHNSbVGw3wXl.2IRiUL7c0unR6GE.gTJ9jH6w0DqZ/Gm
44,윤유수,green4724,%Ia7^7zw!9Otm1J,"010-400-7824",대국 C시 강남구 마바로 56-26,"1g7i@email.com","1989-02-04",1,"2024-12-03",$2b$05$4SqZshmGIETdEnY9IXNoZOOOYg98Id72yQgec.IBBz.wvnakTqLl6
45,임지현,tennis5842,T6KA@Ky8IHQJjl,"010-298-2846",대국 B시 성복구 다라로 32-31,"2zue@email.com","1989-08-28",0,"2024-12-04",$2b$05$jZH7QUTHIDBwiqdMGeR/VOyV8a0a14AUxnO0W.EExO0tk.Wc3HmT.
46,임다수,cook7897,VP3KKz#h6@o,"010-521-6616",대국 A시 대덕구 다라로 46-21,k9y@email.com,"2001-01-08",0,"2024-12-05",$2b$05$zx04ggb5ALfeFIqkthc5qu0dsJXqpyu5Tfl.FUjWMoPyaJ6P5MECi
47,최현윤,ballet3182,EepfcA&QKXP%5S,"010-733-6929",대국 B시 중앙구 자차로 54-35,wxq@email.com,"1990-01-12",0,"2024-12-05",$2b$05$tYUYyUukZBeBmlIpNPeew.ZDNCI5.u3WD9F4FTiYWp/Tf3.oQpVty
48,임다지,run7060,OWWk1rIWx^,"010-643-1535",대국 C시 대덕구 마바로 80-66,o7q5@email.com,"2000-02-19",0,"2024-12-05",$2b$05$lyN97nbcs0zj8nxZVx6wO.GX4NJU1mMVny.y7CtQTOO66WpV7LP6W
49,강현휘,best118,kA0H7vX4#N^Nj,"010-569-7852",대국 A시 중앙구 가나로 66-25,k5w@email.com,"1983-10-12",0,"2024-12-05",$2b$05$UoC39SZJloiNv8OzY0BFX.XxyzUsm2J1DW9hxuxQU/gSUN7mwBUJq
50,정유호,love2993,%B2ct*Iy$EVUfR,"010-896-3584",대국 A시 대덕구 마바로 21-14,ex@email.com,"1995-10-26",0,"2024-12-06",$2b$05$jXKdUw8ce9ePUmF8QDm0u.2wv035MXo22K3mBU8bj07E4UZ6D1ia.
51,이다수,green6045,%#qVBsLEu3AwL%g,"010-134-7974",대국 C시 대덕구 마바로 99-83,b0u@email.com,"1992-11-15",1,"2024-12-08",$2b$05$9FqMbusKq7IPoKALVF0K..tIEM0xPwd5zxTcAUvLrOWZV0RsiO19u
52,임다호,tennis6983,ucIo$xaV@6Ukg,"010-639-3010",대국 B시 성복구 가나로 33-63,nd9@email.com,"1970-11-20",0,"2024-12-08",$2b$05$4gew1jj8koNhR7dnZ5.kE.nXcKAS4YvQOaaJLnDj/xjTDr2QnXwLy
53,장다린,best9811,"77e@^aN&htcEP","010-962-9986",대국 C시 강남구 마바로 03-83,ae@email.com,"2006-10-18",0,"2024-12-09",$2b$05$rQnOBEu3vWoUyS5yIBb3.ONupHBMlX7xWfHJ0k.jawkaX7ErY196u
54,임민휘,teddy6947,gVtYT@9xOjy^,"010-906-2326",대국 A시 강남구 가나로 42-08,cwzx@email.com,"1968-01-10",1,"2024-12-10",$2b$05$YrCPsEWMegqMPKjl6oSVDe70P7KkVhjI4uog9/O9sPlwbuMDbAWnO
55,최수휘,sky7354,Ms%4Olv!Ldc@,"010-762-5842",대국 C시 중앙구 가나로 63-69,cc5@email.com,"2015-12-08",1,"2024-12-10",$2b$05$nxdLotsKb5kx4f14nYvKKO/L8QUw1QUvEavYX84kEipvo6Jmyex2y
56,임은호,green99,UfyL^PM65DL8H9H,"010-608-3465",대국 B시 중앙구 마바로 88-57,ufn0@email.com,"1953-11-01",1,"2024-12-11",$2b$05$A6EW7fAR8NaTCIuqKt03EeHSDZ5xiZ3B/w.b6.ZIlj94OzQzDIcR6
57,임수현,cook2338,znyT1ly54RE#q,"010-865-6336",대국 C시 강남구 사아로 19-31,zq@email.com,"1993-10-20",0,"2024-12-12",$2b$05$HzBsGcmxBQcKawmOUTKhm.cNSUPw2SRPBC1XuCpcYthpjcwfLcdX6
58,박현지,cat937,!HEuWnnyZt6#,"010-771-6346",대국 C시 대덕구 자차로 24-03,h3r@email.com,"1989-06-03",0,"2024-12-13",$2b$05$7o57vhDEDXMicPXasqHqHukoey/KyXX3Ur7Iub6Vflbq55SnplTgC
59,조유수,go6366,ff#&kwP1TTvE,"010-482-3234",대국 B시 중앙구 다라로 24-86,ely@email.com,"1975-05-08",1,"2024-12-13",$2b$05$6VD0yLIeFIL2IlXLFYRMDOa7TlRJwvrdw6ApJKZg12/.wMEtguDx.
60,임다현,teddy5427,teB*s4me&o,"010-977-9548",대국 C시 강남구 자차로 09-46,bw@email.com,"1963-02-20",0,"2024-12-13",$2b$05$HvJcbyvHODBFnYA8rXG6a.f3pbRXehMvDgaLKq5PmvK1bWwbamoky
61,윤현현,teddy2057,qUf$OIPGM5m%eh4,"010-373-9250",대국 C시 강남구 다라로 47-61,msd@email.com,"1982-10-20",0,"2024-12-17",$2b$05$nSwE1VUxK73qpOfWDyTX9.N0eoiZzJa4w1ws.ixc6dn0qTOgnVuqG
62,장유린,sky3393,#$mlun6R8%HnANT,"010-871-4693",대국 A시 노은구 사아로 77-67,se@email.com,"2011-07-21",0,"2024-12-17",$2b$05$N1F4TVKC439PH9zx9n6T/.x3NnHTBAIvDKsCnSwxGegnWL0gThsBu
63,장하휘,tennis6697,aYe0d7zJuWQt#A,"010-241-6487",대국 B시 중앙구 사아로 61-72,"8yc@email.com","2000-02-19",1,"2024-12-18",$2b$05$Ir6BJDVUOuFll.z136aBKORQRAKTrEL9VfR/LXcEz3VmL8bpl.akm
64,이수윤,dream6925,DWyc8y*t&%fSz4V,"010-224-1408",대국 A시 강남구 마바로 45-40,iyfr@email.com,"1950-04-03",1,"2024-12-18",$2b$05$p87xtGRXf9mQd1a7sW9E5enTfLgcDN1yr3r8zU7FE7rgn8RUbVuVq
65,임다주,blue6829,j*q#OO25q9,"010-188-7745",대국 A시 강남구 가나로 38-38,ds9@email.com,"1968-01-14",1,"2024-12-19",$2b$05$2Pfn3NaYqI.TND6BzHjaxeaEvZYoMsQ1JSNF1EdT8HffNhmqqpXmi
66,강수주,tennis9828,XUL&0Gj4#GF,"010-164-7108",대국 C시 강남구 가나로 41-70,qi9m@email.com,"1993-03-09",1,"2024-12-19",$2b$05$ITYuT/pTvLmc.M/Y98hg..FknVsgFX8bUVs/b53GysoYHnXIDKa1S
67,이동린,code2553,Q89Y!HI!EeTa,"010-383-1869",대국 B시 노은구 사아로 78-87,cqo@email.com,"1961-11-04",1,"2024-12-19",$2b$05$8xL.d.7yP3nYgsMhGRhscejDx4yvLszTl/bqJ69WxL20bopsR9DYO
68,정지지,best6233,ag5RHgoS&Hi2,"010-635-8379",대국 B시 성복구 사아로 37-59,db82@email.com,"1989-11-07",1,"2024-12-20",$2b$05$WD9BETY4xvWotTyCzRX8YeitYI5Jhks9v3cagjwamIgu6XsIaalSG
69,최동수,tennis9381,QB!2$0KFl7iq,"010-259-1070",대국 C시 중앙구 사아로 55-27,"7k@email.com","1989-02-04",0,"2024-12-24",$2b$05$d4IsZD9W8D5oXBOsnTWQ2.ccDw8Shk.nrkp7X4CIVdsM7mQo18w/2
70,장하린,code5642,u*Fy5E*2q4P,"010-144-2710",대국 A시 성복구 가나로 29-17,nbfa@email.com,"1982-09-21",1,"2024-12-24",$2b$05$PkVzAQYipOi/2EvMEtG89eoT.s4zsDGbCOdaavtcQvy.4xu4Ij1Ka
71,이서수,love6249,TcX*KQz#B2VdSx,"010-346-2361",대국 A시 대덕구 자차로 29-58,"83y@email.com","1984-01-26",1,"2024-12-24",$2b$05$QMSzyppQBUJkpKYgvKG6OOL1zt4aJqw0wW8aD4cJYLHHygn7VH9aC
72,조서주,teddy8836,S4O1ocs!LTkB!P,"010-627-6963",대국 B시 중앙구 가나로 98-81,rup@email.com,"1981-10-23",0,"2024-12-25",$2b$05$ZI83PfBFtrX2iUNj8gUXGOdaif5NRHquFCtOfN35E75kFmJNRhS7q
73,김유윤,go2844,A*NzkQCccX4Kk,"010-908-3784",대국 A시 중앙구 사아로 06-39,"92@email.com","1985-09-26",1,"2024-12-26",$2b$05$hRkEdbcavU.BTx.Fed7S3uwuWiIXQqvs85fa22VveWBgqFaTwUue.
74,강유린,best3432,SW73B^5IwtMj7,"010-808-3079",대국 A시 성복구 가나로 03-62,qfp@email.com,"2006-12-08",1,"2024-12-27",$2b$05$ra.noEANtrAq9kUEQupMEeYaN.DDzV66ID7zDsWO4dQ8C0RdlJqQi
75,윤지윤,code4918,a7$Kn2JWRVzT&,"010-981-2158",대국 B시 성복구 사아로 76-03,"7dl9@email.com","1986-03-08",0,"2024-12-28",$2b$05$ZUG1rp7/eG4G0t8tsgmUzel7AEQd.TWp2iqr2/NAs4sycJlGDa7DC
76,장민진,sky9475,@m9m#*BI$^,"010-785-5994",대국 A시 강남구 자차로 62-73,jfys@email.com,"1985-05-03",0,"2024-12-28",$2b$05$rZe37sv/jAD5B0CFlOiggurJYpBSQTnBvNyFFqKZmY3scqhrWXOIm
77,김민휘,sky7878,ZgXSfXY&QlMdlx8,"010-387-3236",대국 C시 성복구 사아로 93-18,"91f4@email.com","1970-06-17",0,"2024-12-30",$2b$05$JY6botl.78bVHBO0RvjN4.C.57.BygNfWuvZJo9UTqqI8S6fw4JxW
78,이현호,code5521,ojY#7wbP#278^A,"010-796-7929",대국 B시 성복구 마바로 16-60,z1r@email.com,"1984-01-18",1,"2025-01-03",$2b$05$Cp8I7dKLobJPuMcgLRKSAuzUsLqJI12y4/aVyNJrOQ3yLmG8n.bey
79,윤은현,run6520,YhD#6P2FU%j,"010-910-7162",대국 B시 강남구 사아로 63-65,"211@email.com","1959-06-16",1,"2025-01-03",$2b$05$hlXU.80u2Xm8LRD4sVxIvO/0YF4lcP/so6gEkcug8NsRnpzofKTiW
80,윤지지,teddy1081,F*t#Ii7F!FgV7wy,"010-801-8772",대국 A시 대덕구 사아로 57-37,"34@email.com","1963-02-20",0,"2025-01-03",$2b$05$O5/1tJCD2z93533.o03lfuwXSGwTmgg7OjBARu88iBzagimQiIO2O
81,강유수,code9325,xy&ulWPv2sSOOTu,"010-689-4393",대국 C시 강남구 마바로 12-97,hnpv@email.com,"2002-01-16",0,"2025-01-05",$2b$05$y1sIePq.G5w7DWHZzXx9kOvvFAiB8el3cFY/W2OuWFNFrELlEVY.C
82,임현윤,cat8372,CN@GwY2ISmSa,"010-332-8933",대국 B시 대덕구 마바로 61-86,qz@email.com,"1965-04-02",0,"2025-01-06",$2b$05$QoyDIHI.7qAyv8FQixDwYOCi8CjUXmWfbMFfWzd/qU8ZRB41YAnWq
83,장하진,cat6188,WC2#9ZejowUKv,"010-834-9190",대국 A시 노은구 마바로 39-82,kdts@email.com,"1974-01-01",0,"2025-01-07",$2b$05$2bxO1QCeLZZ7xqM5HEnPA.n59cfMVvg/yrDQGey88c9biw67hIrdS
84,정서진,teddy4966,G3x7%d2eGn65,"010-568-4181",대국 C시 중앙구 마바로 26-54,"6f@email.com","1970-11-20",1,"2025-01-09",$2b$05$uw7AXdwF4TYW0GHHlbnON.w66DymJZlUcF3FEw3X/8NTR1BoOS8si
85,조지진,tennis6845,ryJVs*cCF0rG4ja,"010-954-9513",대국 B시 중앙구 다라로 92-25,mk@email.com,"1974-07-16",0,"2025-01-11",$2b$05$6FrVhDispiBBFgugaq7AQuRHORb83kOAnUpn8nt9pUuwvHVGptHWu
86,박동휘,green2644,T1G%k!szm#x8wIe,"010-820-1022",대국 C시 대덕구 사아로 88-32,xdqc@email.com,"1995-05-22",1,"2025-01-12",$2b$05$I3uZWdH/h660NCHN7CyILOc.Usit3KWx6SdtZMBz2R04xXwyCXBse
87,강서영,teddy3502,kxH9vw1g&K*ocB,"010-597-9215",대국 C시 노은구 가나로 23-28,po4@email.com,"1974-06-20",0,"2025-01-13",$2b$05$uHNhOuWIiYjBPkBD6qvAaOfY47/P7ZMfXTwjCC.Yvp7ea4i1XOUyW
88,조유현,blue6472,dSORHniVLC8k*,"010-235-8764",대국 B시 중앙구 자차로 35-97,"58w@email.com","1957-03-21",0,"2025-01-14",$2b$05$llEpEQRgwitZIhp/ZWr/B.r5ey4Awgay5GseTs5RzW9Q4WVeCbaa6
89,임수지,ballet4127,KqRry3f^Gr,"010-213-8627",대국 A시 강남구 다라로 02-18,"78v0@email.com","1988-01-25",1,"2025-01-14",$2b$05$8jN//VSTk0yr3L0W6qUW/u/HpEjlUrKCtVt70bNGmORK9z820vie.
90,정서린,green5209,"2ulu#W@GTgJm","010-853-5041",대국 C시 강남구 자차로 39-09,"4f@email.com","1971-04-20",0,"2025-01-15",$2b$05$BHbTnj2OIdlTeib/lscVr.k7VSUVDaFzPw0hAMgvoUCvjJ8IPTRh6
91,이은진,best9444,InZ9oorRkh#,"010-726-2442",대국 C시 중앙구 마바로 22-79,fn@email.com,"2005-08-13",0,"2025-01-15",$2b$05$VWZZ4CH28R42U9UlMi/pnu8u2CSidNmZ6CPbjcxT17t1Av3rK6ovm
92,김민지,best4053,"9aNh&t*MI$7G","010-218-2160",대국 A시 대덕구 마바로 81-88,ezf@email.com,"1988-06-27",1,"2025-01-15",$2b$05$vCa9ILyD.5rLV4lCqldQxenejpFM3RGPkPIW0zZnGHTJ6RMtN.p0a
93,장지주,blue8005,QNTT^x3hgp0NWpA,"010-474-7003",대국 A시 성복구 사아로 59-10,xgc@email.com,"2013-09-01",1,"2025-01-16",$2b$05$4bs/IiHvDsFL3wUAXwKPyunXy6n4WQygQyYf1LDdJs60lnHXWUQea
94,윤하영,run6743,fY@TF&sd497zVD,"010-395-2260",대국 B시 대덕구 다라로 81-18,r7@email.com,"1987-02-01",1,"2025-01-17",$2b$05$U5Q1bKwLJQ8ZgMyyOjjG2u/t14Mwb8/uwumJYOuQGKlNxugQVnpSi
95,장유현,love1000,"3!wvB5HcTu","010-452-3423",대국 A시 중앙구 가나로 86-47,e52k@email.com,"1977-07-21",1,"2025-01-17",$2b$05$asVLBP.WgFrvpiAYVVMgOOZkSXoEZCPBPa6OQ3oZzgxYTXw/iZN/W
96,정동윤,cat1363,JRt2IQ26&z,"010-856-9948",대국 B시 강남구 다라로 99-59,bj@email.com,"1976-02-12",1,"2025-01-17",$2b$05$y6LMqatOljTyl74f56Vo1eypNb8txh80YtdWP/PcexuPDp/tEwTI2
97,장은주,sky8801,Bhvjl%3^Tm^W$3p,"010-563-9114",대국 B시 성복구 자차로 18-64,"0gg@email.com","2008-01-09",0,"2025-01-19",$2b$05$Sp/zNnyupxP2IncCrPk4UOFuA3sUggMQghZstsDdbDfdvyU0cJhHy
98,강동휘,best5711,!ViZa8adz#,"010-794-9730",대국 B시 강남구 자차로 45-46,dc@email.com,"1993-03-02",0,"2025-01-19",$2b$05$FMwTl4s59MBpvx1kYtf54O4Y12xLJkEIg6ooT7Q3iI6OX3S1La2s6
99,임수윤,love2318,YB50Odye*$e$,"010-261-1476",대국 A시 성복구 마바로 47-54,jse@email.com,"2006-10-18",1,"2025-01-20",$2b$05$wv9.rt08mtIG82Pj8eT6lepMB.hto.BSQhJd02gcgW9CO/zlCsL3W
100,박현수,go5410,RFD5ApDaIZXs#,"010-275-5259",대국 C시 대덕구 마바로 82-90,iss8@email.com,"1980-06-02",0,"2025-01-21",$2b$05$4l9JZu8qpY1ktpxE3vafLeIB6HlhEOsaehNOkSLL2oeURlSZCACkW
101,윤서지,run5047,$ODkxA6ITVs5^S,"010-735-6500",대국 A시 강남구 마바로 88-90,zg@email.com,"1952-09-24",1,"2025-01-23",$2b$05$i/skUW15CClobCTPMXdWE.2CUI5nbxgsJsFifgRWjeRjhanwq5FKG
102,강서주,teddy6929,jcOBMfoZYo@7jm,"010-152-2818",대국 B시 강남구 사아로 76-49,"0t@email.com","2003-01-02",0,"2025-01-24",$2b$05$ke3oloHPt2PBSakEZuenOeEsmMj3JYwpzVvy9oORtGrMPOHYedzba
103,박하지,tennis8055,"8G8$Mj%LPF09","010-828-9770",대국 C시 중앙구 마바로 56-85,po@email.com,"1989-08-01",0,"2025-01-25",$2b$05$EwDKzzsTG37KHdfEljI0uO63sI/bq7kaNVoF.X7Md9eUOsiQnN2a2
104,김서주,love2253,A17hd%#85aWhFbo,"010-590-2605",대국 C시 노은구 마바로 56-53,"3mv1@email.com","2010-06-28",0,"2025-01-25",$2b$05$e6Hjt7oU.NQgDBJNNPA2MOXK7dqiA4zESGPOqM2FUxQNUgSZ1zpl.
105,윤민휘,run6113,lk1dvZ^um!^,"010-597-9686",대국 C시 노은구 가나로 74-95,rgfr@email.com,"1959-06-16",1,"2025-01-26",$2b$05$I7x3g.8.pnXchC3IWCLoW.dLq79c01wouOKV/w8jgrW6vlSeXmKsS
106,이지호,ballet2890,JDlnQ9dHz$XKi,"010-492-6989",대국 A시 성복구 자차로 58-87,ur@email.com,"1972-02-04",0,"2025-01-26",$2b$05$iUuiOhUuTzLN0j1XSQS1aed3WBWNbHU/VrRx487Oxdoce9e.6LssC
107,강지지,tennis5605,pN$j0q&l9gXS!F,"010-282-7346",대국 B시 강남구 마바로 72-93,"540@email.com","2005-01-22",1,"2025-01-27",$2b$05$X3/cDpavLN5/czMU3urPFuPgNzh36dBIenOstQGaAZO9PI6d4Ok7.
108,윤현윤,best3873,&O3YWbH^22,"010-809-7662",대국 A시 대덕구 다라로 04-01,k2@email.com,"1976-06-01",1,"2025-01-28",$2b$05$Vs36CYUZPD4qftEWKRyhSe97VTzVqC65lVjNMSdQa2KrWgPRwXrSu
109,김하현,blue6797,GZyjMm!*^K6f5,"010-798-9870",대국 A시 강남구 가나로 69-75,k0@email.com,"1972-02-04",0,"2025-01-28",$2b$05$LgCOIfjp/JNPFfoj6QhcqOBDsqQ9N4qKszAUDsv4Jxm36LRS03.Vq
110,이동휘,teddy7829,M3!F4TwHkeh!yY,"010-890-3271",대국 A시 중앙구 가나로 40-04,q5l2@email.com,"1982-10-20",1,"2025-01-29",$2b$05$LlGoQKBaLKvdrvXBkVAx7e1wF4JtzWWW/fnkFACtwptbSrocJb.im
111,박은진,dream6628,R@x#c8f%1soORc!,"010-484-4615",대국 A시 노은구 다라로 39-61,pu@email.com,"2000-06-23",0,"2025-01-29",$2b$05$76QuK0bYyunzSGdDYssiqeoV7O47/3uHyivdiHExYrlg55WwOWqgK
112,최수영,dream4640,BJ3WWdAD3V^d0o,"010-325-5835",대국 B시 성복구 가나로 23-72,"3lye@email.com","1967-11-22",0,"2025-01-29",$2b$05$kKYVkP6Xn19WWs9O42uJJu92Da3aBDChW7gBlTpT1Fmc4WTbihGni
113,박동윤,tennis3153,*5yXWSH$zvlUNuG,"010-633-1371",대국 B시 대덕구 마바로 98-92,gzk@email.com,"1976-04-01",1,"2025-01-29",$2b$05$.0CquoRNX6AeN/mVTdZHIOq.P7KRAE3mKUp8LxeBf.dSKCfFNOM1W
114,임동린,run3236,gMM7K#aXP2,"010-915-3444",대국 B시 강남구 다라로 02-87,z7x4@email.com,"1984-01-18",1,"2025-01-29",$2b$05$I9Ltydpv671iUdHndVBy1.ToIeIFIOO1D97h1Mfe0E6rG9qNCeW66
115,이하주,run2878,u%H4VufeEHoQvY,"010-978-1399",대국 A시 중앙구 마바로 09-76,"3k@email.com","1980-11-28",1,"2025-01-29",$2b$05$b8f4ZIEv90J.EVKWCGrMNeAY92/ExA1LzjRjLo1azN05.9hD4T5ei
116,최유주,run6131,"7MvZMpoYW#jX","010-600-4546",대국 B시 대덕구 가나로 50-58,"6pr@email.com","1994-01-05",1,"2025-01-30",$2b$05$JLoE9NKjMoZF7MDACZVZT.rvucSUfzCwGFAAElDQVmN4VkKpV2tey
117,최은진,code3990,^lv2XStzVxHF,"010-781-6192",대국 B시 강남구 가나로 04-76,hx@email.com,"1986-03-08",0,"2025-01-31",$2b$05$WWKeKb60BhUTQhppfM3RuOkheXoV.pCIPnCweFOR03V4JMP0Wu3im
118,윤지주,ballet9926,"9DahAdds2&Vk","010-376-4313",대국 B시 강남구 사아로 57-59,hcy@email.com,"2002-01-16",1,"2025-02-03",$2b$05$f9.fMQTfCT5j9V6TNaYOGuhCcrMPjAppCJHIzW/3oCUwqUZuuSyu.
119,최민영,green6297,K15f&SFVy92Sm,"010-428-6778",대국 A시 노은구 자차로 77-12,"07@email.com","1988-06-26",0,"2025-02-04",$2b$05$yQ5ZevBt3W0cW5F/u6rhHeQLcSmQxpOnTC64OUo5Ch6sQ3fRKIHN2
120,정서수,go648,IyK5sA09Zi!,"010-741-8607",대국 B시 강남구 가나로 12-19,tc@email.com,"1990-01-12",0,"2025-02-04",$2b$05$LbHn4pfj/sSe.ZKmmdBBo.gFR7CChHT1lUv2fy5E0ETJtVTGpbIp.
121,최민휘,ballet6993,b#8OOXDibw4R6,"010-104-4860",대국 A시 중앙구 다라로 73-94,vw9@email.com,"1985-07-28",0,"2025-02-06",$2b$05$Icug0LV8DdnNF8sB1eXN3.UKzQvFejloXoQ7Vs2bxiEnk6wFw6W7O
122,최동영,code1456,@JBmwp!2e*L1,"010-480-5720",대국 B시 노은구 사아로 87-14,uxd@email.com,"1994-08-08",1,"2025-02-06",$2b$05$7TYE1SId6B6FbBle7zilxuLeyuTTraqnxcJgaxpnccCgqxZzZ96xi
123,강은현,tennis3458,B7cNKO&k%F,"010-710-3949",대국 B시 노은구 자차로 53-38,"3wp@email.com","1993-10-20",0,"2025-02-07",$2b$05$xBLqE0C/xSYxfY3rKSUn.Oa/5bGhyHD3MhGqEMLbIrtd0OFvROCdG
124,조다린,love7486,E@1TNleLYm6,"010-870-5420",대국 C시 강남구 사아로 63-72,egr@email.com,"1972-06-06",0,"2025-02-10",$2b$05$OtLjDhcizuqkJ4G1WO2VaeqqkZ3dU/TN6i0A5wSKfl3GGQSpyGH1S
125,강은윤,cat9210,FzFfjzwt^bnK@i2,"010-742-5934",대국 A시 대덕구 자차로 12-28,kre@email.com,"1978-08-01",1,"2025-02-11",$2b$05$feIGTJv3Ujbs..sQLpGW/OKSVIt54b60LYSHqeMWo.en2ytBcCpdu
126,최수린,blue1764,NITnRZrf2w#gV,"010-529-4256",대국 C시 중앙구 가나로 67-26,mr8f@email.com,"1952-09-24",0,"2025-02-12",$2b$05$hJ25wbp6AB00U1RtkqOZXebOb0HjUBNuqFS0YtHPyaeMjqSCfnGz2
127,윤유현,love5921,%94OW^N11^GGPb,"010-735-7031",대국 C시 강남구 자차로 13-63,k1x@email.com,"1977-10-11",1,"2025-02-12",$2b$05$RgVe4vy99RGWHAzG0DdG2eIohDzhjXJ/nSz3HdsHoevESr5yK.2R2
128,정지수,green4562,us8&Vg^2#*8i,"010-718-3568",대국 A시 노은구 다라로 11-55,h1@email.com,"2005-08-13",0,"2025-02-13",$2b$05$l0Zxn59PYwEzKAhPYTP09.R3WyMC5sWTTqOxJQFvJmL9sqtNX5bNC
129,박하영,best2689,P2R7v3MfXK%K,"010-514-9182",대국 B시 대덕구 가나로 73-87,"8y2d@email.com","1967-08-07",1,"2025-02-15",$2b$05$zAcjcTBNlvXm9Rg8qcy3yumPkfqgAy46e3tKsWx4Foe3TOgZsYJY6
130,조다진,love6376,aoNvRGPI2n@1r,"010-855-4437",대국 B시 노은구 자차로 73-09,dz3@email.com,"1989-06-03",1,"2025-02-16",$2b$05$UUTxzSpMmA3CnfwLxP/YNOUPnSwHmYVpCXsibgsqXxUnlwdqGZwHW
131,정유영,ballet4556,WIOqA5BhNPMVM%G,"010-275-6629",대국 A시 노은구 자차로 79-89,"9dc@email.com","1995-08-17",1,"2025-02-19",$2b$05$5E0Ys8J.S6bmrtbnnWifE.JkxQ0W5uIzsJSq7aHtRwZl4oTDCMdyu
132,김은호,green3105,qIzOG&j9eBY,"010-270-3634",대국 A시 노은구 사아로 94-54,lb@email.com,"1983-02-28",1,"2025-02-19",$2b$05$B22dCHr8lge5dTYuK5KKOu9e/rHhK5Q0tfx4NpHlWDGaOUae.QYs2
133,이지주,sky7036,*yB1KhqiFjd%8D^,"010-248-4541",대국 A시 대덕구 가나로 01-53,"9p5z@email.com","1988-06-26",0,"2025-02-20",$2b$05$wlXWGXS1J4tPVsx4Pke.vu7meuaB4YeFq3RZiETz3hHD/JnMuzQrS
134,최은휘,cat6465,xCooeN&LgYQ3,"010-265-8524",대국 C시 중앙구 자차로 33-64,awz@email.com,"1995-05-22",0,"2025-02-25",$2b$05$0HnqUE8BqG9kK3ROnfOpbuMNiGZnNLg5J1.KSm91bL4hhNArHNuBW
135,임하휘,green2177,"8xiz!0!B&I","010-908-6021",대국 A시 대덕구 다라로 92-55,"7ga2@email.com","2013-09-01",1,"2025-02-26",$2b$05$X/Bg8AC6mvb2ZznnLknFLewspiME3VqWp.zyEswz3yg4I/Deqq6MW
136,조민주,cat4043,V5Qm@P9L0gU@La,"010-706-6340",대국 B시 노은구 가나로 69-42,jy@email.com,"1978-12-23",0,"2025-02-26",$2b$05$n8Y3K/Q1p6P1OQg6raCN4.x9Jm8/irkRL/rOksfgtVPSwPo3j7Ct.
137,박수현,go8171,!5KgUmjwrsq0%vY,"010-847-8014",대국 A시 대덕구 가나로 48-66,ox00@email.com,"1976-04-01",0,"2025-02-28",$2b$05$OmCHw6RbIFOxQEferujsKeoToUuC6Ep/2qKqQDQe2uX4EIhxNTn8K
138,강동린,run2200,n1YNH8x%b$,"010-433-4731",대국 A시 노은구 가나로 77-97,"2ho@email.com","1965-04-02",0,"2025-02-28",$2b$05$SRAoAbUNDg3o7UTsLqf/ZeXZDk3fSJ6k1ySxkepV/WsVe09FeREWS
139,김수윤,love9970,"8QDR244NLPl&","010-609-3888",대국 A시 노은구 다라로 40-17,eu@email.com,"1965-04-22",0,"2025-03-02",$2b$05$XI.dLAsHGV4.G.I6oIKbC.DokJgz3wgSBLYu.gnMm2oBYxVss7erq
140,조서영,tennis8495,%%pxBjZKV9,"010-643-7460",대국 C시 노은구 사아로 31-15,"50@email.com","1967-08-07",1,"2025-03-04",$2b$05$NcbyZbmZHdbmJ8vcZabCeuFbycSVD0a.zmiS9.6iZQdabVbH7IrQG
141,강은지,run7101,sCb21a@TQar,"010-265-4897",대국 B시 대덕구 사아로 89-76,d8t1@email.com,"1994-08-08",0,"2025-03-05",$2b$05$yTCK3qYFdxsEtehkO6pyT.8b0oJ3OaeGmf58thxR9i4ffTO3aYl1.
142,강동지,run945,Y19CCF$!$t2,"010-382-2835",대국 C시 대덕구 사아로 83-05,pe6@email.com,"2011-08-10",1,"2025-03-05",$2b$05$XQP68vjsz8qbn0u.FVDlxuINS2Zvvgqp2uTlgOfDDI0AnpqRWSptC
143,김은린,cat1979,j$wBR6PJJINHbx,"010-353-6362",대국 A시 중앙구 마바로 64-72,nog8@email.com,"1993-10-26",0,"2025-03-06",$2b$05$7jvl5O7YDre3IAIagfcd8O4cJHxcIQWX3/uShih/RtJG7XcFmIDAe
144,정동린,cook8056,lMCy9Uxu%RHN0T,"010-760-6503",대국 B시 대덕구 자차로 88-70,zow@email.com,"1979-07-25",1,"2025-03-08",$2b$05$EwLXS/nBosLXNK2O/xJeGOr5.NfKdxh9w7GbRFxiz85Y4vG1Nvj0K
145,장동주,code3644,$w^P0XBflq6,"010-175-8716",대국 A시 중앙구 마바로 48-63,mzr@email.com,"1950-04-03",1,"2025-03-08",$2b$05$dUspIAFDr8EWAMfLXOVaeOQSkkRFRVjNKXBpEAEVnLMulaffA7OhW
146,윤서진,blue8735,"2Q5YB$OLSXchF","010-755-5439",대국 C시 중앙구 다라로 83-06,g5@email.com,"1961-11-04",0,"2025-03-09",$2b$05$J0s.SHsMwmXPD8bzQbouoeR3eE3BmUoM.4RJL7wpPp2hkKLVfoJcK
147,윤다현,blue5269,j7GTmBHlpC^#%,"010-383-1892",대국 C시 노은구 다라로 35-18,d1xe@email.com,"2002-12-13",0,"2025-03-09",$2b$05$xGPz2oRokrjlzbwMXAS9zuvf3kVtWd0kYef3AP.OMvHS81Lo1.6YC
148,최현지,teddy347,dv3FlP5hI3p4D4&,"010-995-7641",대국 C시 강남구 마바로 74-11,dpdx@email.com,"1953-11-01",0,"2025-03-09",$2b$05$OU5tR8jUhSytxAnJNivrXO8DlC3JtMZkXeHNyNHPk1Fgi3d77brqK
149,박하주,teddy621,!1dR6b$lF*D*,"010-107-3939",대국 A시 대덕구 가나로 26-14,jjy@email.com,"1989-12-05",0,"2025-03-10",$2b$05$Pa9WeB210OCez8aP8NcZXe9LmWb8lHvT.721Za05N0RGQ9I7aINae
150,정수휘,best3309,tnbg$T6%SXi7jT!,"010-398-4097",대국 C시 대덕구 사아로 95-53,jypa@email.com,"2000-06-23",1,"2025-03-10",$2b$05$PmXH12hmhgosW1vslOSzPeP.hUiiX6NJzCzjEgt/ax43TmMQVAWwu
151,최은영,go6074,aZMEO#2@Wm5hU,"010-411-3161",대국 B시 강남구 자차로 44-70,sr@email.com,"1988-06-27",1,"2025-03-11",$2b$05$jbhh4UigigLezjga0M.Xt.VehT6AoIjnH1bBSv7l9FQhU2UYo40yO
152,강은린,tennis5459,aVAhz8nss^ymDD0,"010-216-8839",대국 C시 강남구 마바로 07-39,jdfa@email.com,"1965-04-22",0,"2025-03-11",$2b$05$1o8CdeMgC.kIvqeBamhPUO7nG1rmkxRB8/PFQ7GWiTtTJkUZ2RtHu
153,최수현,blue9984,A2#x9E$i107$SS,"010-813-3424",대국 C시 중앙구 자차로 99-56,lo@email.com,"1976-04-08",1,"2025-03-12",$2b$05$R4X70CiW/Ev6uH0bu.OvOuqBwVmvUy5m/lJXDZqve9cCIJRnv7YZ6
154,이현주,sky5045,^6NPtVHxtwtT%Tn,"010-619-4592",대국 B시 노은구 마바로 26-77,spf@email.com,"1982-09-21",1,"2025-03-12",$2b$05$RqrgPw7o5CCquc7ltUiN5uEf21kpFq30MD0y5IwqyTkKE6w1CsAnK
155,이지수,cat9266,OTL&twJ2FfQ,"010-814-9887",대국 C시 강남구 마바로 09-73,xz52@email.com,"1991-04-07",0,"2025-03-12",$2b$05$lo6QxHaKYudnlUKLzds5DOxW1dOhWwKnREVDgKCTtVtVFiews1sE2
156,박유현,cook2721,S%E#8xsgTB20ZP,"010-494-6454",대국 C시 대덕구 가나로 36-11,ge@email.com,"1981-10-23",0,"2025-03-13",$2b$05$YJakq9A6boMIm5rvQB2QS.cd1jtuppPI8SA/sM7NMTMZEq.kh48WG
157,윤민영,dream2414,"01F#NSR8RkeEv","010-992-4806",대국 A시 대덕구 가나로 18-87,c5@email.com,"2011-07-21",1,"2025-03-13",$2b$05$Z9.9CiTSiU/PiFI4EcO5ZeXcF0FaNvdhlVkO/jVQ643QNR8MQgbA.
158,임현주,code1641,$WjCFmPXoFrW@3,"010-619-6427",대국 C시 대덕구 마바로 86-85,m00e@email.com,"2012-06-07",0,"2025-03-15",$2b$05$daU0RBzAl7q1L1jmryxLEue5xsiHTUVnxus2eXsShL4dWKYtRiNm2
159,강다호,love1587,XXt!7GpvKROa,"010-340-8287",대국 B시 성복구 다라로 09-47,as@email.com,"1985-12-13",0,"2025-03-15",$2b$05$o58rLyRYUIbw3GvksKkEqOy.tL1H46UBVdwdXRkonKlpxxgLyvxUa
160,조서지,go2872,oM0MR*WUA@Kreo,"010-853-1898",대국 C시 강남구 가나로 82-27,"15d@email.com","2008-01-09",0,"2025-03-16",$2b$05$KvE0iEwCNBUk/BOCnL26zeP6mhjV.EVrmAQjWVDd2K0CHk0MFK.mm
161,이수진,run217,yE3rTrQYt$b79,"010-500-3929",대국 A시 대덕구 가나로 33-06,b9@email.com,"1995-02-15",1,"2025-03-16",$2b$05$44ymdTr0viC9nD4OGkuTQORwwkggKf8am0Hhv1fpIE7OLGNTsQe/C
162,이동호,go3925,u2z%YIRGjaB6A,"010-116-8978",대국 A시 노은구 다라로 65-29,s1sa@email.com,"1972-06-06",1,"2025-03-16",$2b$05$MWiKqh2kxMMLVvKy1lR9LuwSOdr5RmSwswrDn2AfzDKH51slxx2Ka
163,정수진,dream7753,"2PJybhD^i$jvF","010-279-2097",대국 A시 성복구 다라로 03-62,ukpv@email.com,"1977-10-11",1,"2025-03-16",$2b$05$FP4JaD3KCob.2dMIaFUsV.DQyI2wmGo5mftLlRpWq3WKGz27yvK0q
164,최현휘,love4068,GLMV8V4sH^t,"010-200-4884",대국 A시 대덕구 가나로 84-86,qe6r@email.com,"1986-08-07",1,"2025-03-16",$2b$05$M5vavjltrOCNBbheqh0AVuQvNsSX2ErFTdM.DqdwXiXWxlqEj3HdW
165,김지휘,teddy2535,!Qa$JGIl0wxtJM,"010-851-9261",대국 B시 중앙구 가나로 98-10,kq@email.com,"1979-08-06",0,"2025-03-18",$2b$05$3fvsFdnyrJnsRKoU9n8gHOJqoGO6smH6K7tC73wblayYYxHOq9QIu
166,김서수,tennis2845,M!By2kc%f#T0o5s,"010-310-1568",대국 A시 노은구 가나로 16-98,qmn4@email.com,"2006-12-08",1,"2025-03-19",$2b$05$8AajXoUHhVzcVjKnxByOeOZkqAhmzS71sEh2SLU8F5ynOdgSb3epu
167,정하지,green9542,ckp037uSu!^8T^a,"010-650-3881",대국 B시 노은구 자차로 08-51,xx@email.com,"1957-12-17",1,"2025-03-19",$2b$05$GPwRQwB7ANEG.vnogLaLCes/TXZ78m4P4T6ICrpjYYtaRk3QBHndu
168,임지린,dream1789,Qe$oI!f4eN$,"010-581-9714",대국 C시 중앙구 다라로 74-64,tp@email.com,"1985-07-28",0,"2025-03-19",$2b$05$eOwBTf1ieYIC2mzfIe5QG.lngbXEOQy5eWK6IZtDilgxBFkUKbVCi
169,조서수,sky6250,Z*1e#&8IwGr,"010-323-3174",대국 C시 성복구 마바로 36-85,fb2v@email.com,"1968-01-10",1,"2025-03-20",$2b$05$EeUnHVw2GGL6m7oCaMwAQuL9o3sKjb50QI8DtFp/5ppQOZ28bs6CW
170,정은호,green462,n2y^Tkhrmk1f%R,"010-995-4346",대국 A시 대덕구 마바로 89-15,"9en7@email.com","1970-06-17",1,"2025-03-20",$2b$05$FVCoUagGF241SH8RGKYv9OJnERIQ9gh8SwGrsA0dl4sTZibYnaaQu
171,임민진,ballet7688,!azwB6DMmG*fPa,"010-642-2567",대국 A시 성복구 가나로 78-27,"1a4@email.com","1980-02-10",0,"2025-03-21",$2b$05$zVnrLo8nv7Z/FXsRgMYfZeBZvmcKSTtUumFVvTWZVGIEqH/oB5LRO
172,장지호,cat8020,KJ0ud!%IhIP,"010-671-1203",대국 A시 성복구 마바로 86-02,"03@email.com","1996-06-01",1,"2025-03-22",$2b$05$AUk1ujLDJB1/UWvWog0heOHQ2FKn4uQ5ORYXAp/wyUupfj74t01hu
173,조유린,teddy7970,i*HqQo#M2ALzsJI,"010-335-2804",대국 A시 노은구 자차로 42-41,ez5@email.com,"2015-12-08",1,"2025-03-23",$2b$05$mNLB1HQeA0SWdJ9xp/s4KeOIYZsoSZi5kTXzkAAs7dYSUWQEcPNUa
174,박은영,best7883,^pydI9TGL7E9Y,"010-724-8454",대국 A시 대덕구 자차로 97-18,"68s@email.com","1980-12-16",1,"2025-03-24",$2b$05$.tdH065Z4vAn//iz1dnhmewSpDkjGqrNlt0Vwc.zqPI9nZoVxEEc6
175,장지윤,dream1651,rgV5f$Hy!s%V,"010-545-5118",대국 C시 성복구 다라로 44-64,p3vo@email.com,"1995-10-26",1,"2025-03-24",$2b$05$S7dQn2e3rsIKMw5VIGsfXe43lAl.Lgz4pZ.zKka9bdnsULn1hFzNC
176,장지린,go3969,l@4bp&obJiX,"010-251-6785",대국 B시 중앙구 사아로 63-66,idqj@email.com,"1974-07-16",1,"2025-03-25",$2b$05$zX94N5jjvnG9Rv3hDTnv0OIlspZ3zppMgw9iykJRJl0TazTePpGcu
177,조동진,run8784,"9JA&#1t^^FjCX0","010-569-6246",대국 B시 중앙구 가나로 98-05,gfjd@email.com,"1976-06-01",1,"2025-03-26",$2b$05$wu9GUB9d4Ui1YgM8xOCzce/CsOIRDaEEEHHBzBjifgiN.HTltLLCC
178,조현주,blue9625,"1!44QUVYT*sDBc","010-705-3440",대국 B시 대덕구 가나로 30-55,q8v@email.com,"1994-01-05",1,"2025-03-26",$2b$05$zTuknZGesi7iwekmvPgFuu.SHG1ZIrO9ZVQTzokYFKjIsUkRQybpW
179,정유지,go9208,"4g74i$d#EYIAD","010-521-4919",대국 B시 성복구 가나로 28-65,"2ep@email.com","2003-01-02",1,"2025-03-27",$2b$05$4Iu0yD3C8q8Z1yH25wOvJOL3hH.LNYSWAReRlwCmfggK1fGCo77UC
180,이서주,best4951,$8M@ZDwDYsf,"010-551-5266",대국 B시 노은구 자차로 94-79,"5el@email.com","1958-08-06",1,"2025-03-28",$2b$05$x0qivssXfa.H5tTXLGXqf.zblaeVH.wiyPARseeVi8SSQmU8hB2pC
181,조현지,love1103,k4mI*7KY2vNNBWe,"010-344-2486",대국 C시 중앙구 사아로 29-80,bw6@email.com,"2012-08-22",0,"2025-03-29",$2b$05$ZDn6deAEE9ltiVYAy1gBaer1GqINuYN9X.a7ZNNnzUCSRLYvqI60O
182,최지휘,cook3348,&hTs5#d*p73,"010-236-2637",대국 B시 노은구 마바로 49-55,z8q4@email.com,"1998-04-06",0,"2025-03-29",$2b$05$ITbq8TxkgY6DyLG5Nj62puOGlAR2RbAQWuuXcSkgSnig8Tt6M4gU2
183,정현린,cook5359,ivd79x!h10b1So,"010-705-8757",대국 C시 강남구 사아로 53-33,"9kr@email.com","2011-08-10",1,"2025-03-29",$2b$05$NiOzErhIEQF09bQyYbNoI.7lVJtQFcKLUyAhzwCFPX9/YevLJATwS
184,강은주,sky3482,cCIqF%pvh22@FbH,"010-292-8501",대국 C시 대덕구 다라로 55-28,"7qua@email.com","1989-08-01",1,"2025-03-30",$2b$05$bVeo09SR47Suu3wh653G.u9HqI4v17Q6OYk9t3vyj911Q5JcrwBPq
185,조서린,green5620,"64^LmcdQbHx","010-132-1977",대국 B시 노은구 자차로 30-53,"6vf@email.com","1978-08-01",0,"2025-04-01",$2b$05$d8BvZI8X6pqocnjwX.uBlereGjqeceC9TBnRBBJBRjDXn.Ge4qrCK
186,김다영,dream1668,&lT9HT0ute1TqZ,"010-544-4643",대국 A시 강남구 사아로 09-77,odwh@email.com,"1993-03-02",0,"2025-04-03",$2b$05$Da3nI3e.Fq43fqc9gBBageUXRw4W4uyXMI75RhSlElrVVSts/0Jvm
187,윤하린,run2736,kS$UsX@OK$IE7,"010-424-3072",대국 C시 강남구 사아로 89-04,fv@email.com,"1995-02-15",0,"2025-04-04",$2b$05$YB2SJrHKNW/kcnkNBPpe.OKKWhNHEzTpX9HbnlG4ipWmtdkYypAj.
188,윤은휘,best9638,z3sfDE*muhwuF,"010-391-4433",대국 A시 강남구 사아로 48-02,n9@email.com,"1968-01-14",0,"2025-04-06",$2b$05$2eeqCecquAItjISsNHdu7ex/edQNIK.3dGgbL/LDMYan28illR2RK
189,이다휘,green6032,i#uRpjk0QDMGLUp,"010-219-1674",대국 A시 중앙구 가나로 19-41,pjl9@email.com,"2008-10-26",1,"2025-04-07",$2b$05$JRLAiCRxcLlgIaMj0OIh..vFDQQHSZHEAPvipTjFZkuLZLmviUpB.
190,장하영,teddy68,pqk^@xLojL48vXK,"010-565-8598",대국 C시 노은구 다라로 04-32,wj8@email.com,"1993-03-09",1,"2025-04-07",$2b$05$iG5DoVbwfHaR0GCwcQVD4.Z34LzPfbycJ4GQvCRd/Rf.BgRBPTFNG
191,최수윤,run2422,IhTft5!nZRY!,"010-385-1237",대국 B시 성복구 다라로 47-45,wy3r@email.com,"2009-11-01",0,"2025-04-09",$2b$05$pVgaLV4X0uWVh7TDqjxxIO6q8zsDTrM7ud1SS79cZzhQhz5dMSt0O
192,이은영,code7148,sXH38xfk$kI,"010-189-2313",대국 C시 노은구 마바로 27-21,eew1@email.com,"2009-11-01",1,"2025-04-09",$2b$05$KaFEumfNp3qQGqkBRC5gHOBgXaahI2/9FWJdtZ/ToDoTVJmoTEpba
193,이동윤,love8203,szqUGlW#!1,"010-886-3381",대국 A시 중앙구 가나로 34-21,w6@email.com,"1980-06-02",0,"2025-04-09",$2b$05$fqo1zrb1k5OTkQd3OE69/OyHO6AuHBiuLeacLRVPY.ofEUj7u862W
194,정하휘,sky2032,$QD2qiqSRe6ILS,"010-164-1361",대국 A시 대덕구 마바로 78-78,"283b@email.com","1987-02-01",1,"2025-04-10",$2b$05$Ay.hTeLtwFn1LpwCCauEzujeC7HCopa96sFu8EwqSrBMBMZjoHTS.
195,임수휘,run7020,*Tz7x61uoM^UuBh,"010-392-3986",대국 C시 노은구 가나로 52-26,ba5m@email.com,"1971-03-08",0,"2025-04-11",$2b$05$tABgTnUU20lG.B4JvU2spePiEAoailJTKKskAGJPP1aRPbUPlbShe
196,임은린,ballet7712,La%5HN$zVC,"010-399-8405",대국 C시 성복구 다라로 81-57,"4h4@email.com","2000-04-01",1,"2025-04-12",$2b$05$XgAsEEAwXgMNs.wsUJw9QuPd4Qr1.LgEo375AUdQkpMaHjpT0ky0u
197,조하지,dream5385,xBkyyRq&J4R9,"010-575-4409",대국 C시 노은구 마바로 88-77,mv4x@email.com,"1974-06-20",0,"2025-04-12",$2b$05$pl0xweVAAaLuCYfXCsWhnO8aX/Dl6MI4B.cJzf6twRuMPeUkUCNY6
198,조하수,love1912,Hol6bdOlScOdsm^,"010-983-9842",대국 B시 강남구 자차로 11-89,j76@email.com,"1978-12-23",0,"2025-04-12",$2b$05$xt8iEquOCcPOJ1yywul/H.6gBcI2MDZWnZC37dzZBb1PLEXiGw8A2
199,윤은수,blue4355,jJgzaq^&V1jl,"010-646-5940",대국 B시 강남구 사아로 13-55,wn6m@email.com,"1997-03-28",1,"2025-04-13",$2b$05$ayshkIW3ho0lKBEUNzdVXuFtlf8DNumPF0cSfMw1htKU9CoJ2rv/i
200,김다주,code1512,p&uuoXwy$3ti,"010-687-1083",대국 A시 강남구 사아로 23-63,vso@email.com,"1990-09-26",0,"2025-04-13",$2b$05$st6/tbUns8/A2aU0nugWQO.kljj.Ssf0uYDFNPPlU/8D7TRxh2hka
